sampleMetadata	injectionOrder	mode	age	bmi	gender
HU_028	7	pos	41	23.92	F
HU_051	20	pos	24	23.23	F
HU_060	24	pos	55	28.72	F
HU_110	53	pos	50	20.9	F
HU_149	72	pos	35	19.49	F
HU_152	75	pos	26	17.58	F
HU_175	87	pos	35	21.26	F
HU_178	88	pos	60	32.87	F
HU_185	95	pos	42	21.09	F
HU_208	106	pos	27	18.61	F
HU_017	2	pos	41	23.03	M
HU_034	9	pos	52	23.37	M
HU_078	34	pos	46	25.18	M
HU_091	42	pos	61	26.12	M
HU_093	43	pos	53	21.71	M
HU_099	46	pos	23	21.3	M
HU_130	63	pos	33	26.06	M
HU_134	67	pos	48	22.89	M
HU_138	68	pos	42	21.88	M
